{
  "IcoMoonType": "selection",
  "icons": [
    {
      "icon": {
        "paths": [
          "M512 32l-512 512 96 96 96-96v416h256v-192h128v192h256v-416l96 96 96-96-512-512zM512 448c-35.346 0-64-28.654-64-64s28.654-64 64-64c35.346 0 64 28.654 64 64s-28.654 64-64 64z"
        ],
        "tags": [
          "home",
          "house"
        ],
        "defaultCode": 59649,
        "grid": 16,
        "attrs": []
      },
      "attrs": [],
      "properties": {
        "ligatures": "home2, house2",
        "name": "home2",
        "order": 13,
        "id": 2,
        "prevSize": 32,
        "code": 59649
      },
      "setIdx": 0,
      "setId": 1,
      "iconIdx": 1
    },
    {
      "icon": {
        "paths": [
          "M864 0c88.364 0 160 71.634 160 160 0 36.020-11.91 69.258-32 96l-64 64-224-224 64-64c26.742-20.090 59.978-32 96-32zM64 736l-64 288 288-64 592-592-224-224-592 592zM715.578 363.578l-448 448-55.156-55.156 448-448 55.156 55.156z"
        ],
        "tags": [
          "pencil",
          "write",
          "edit"
        ],
        "defaultCode": 59653,
        "grid": 16,
        "attrs": []
      },
      "attrs": [],
      "properties": {
        "ligatures": "pencil, write",
        "name": "pencil",
        "order": 23,
        "id": 6,
        "prevSize": 32,
        "code": 59653
      },
      "setIdx": 0,
      "setId": 1,
      "iconIdx": 5
    },
    {
      "icon": {
        "paths": [
          "M959.884 128c0.040 0.034 0.082 0.076 0.116 0.116v767.77c-0.034 0.040-0.076 0.082-0.116 0.116h-895.77c-0.040-0.034-0.082-0.076-0.114-0.116v-767.772c0.034-0.040 0.076-0.082 0.114-0.114h895.77zM960 64h-896c-35.2 0-64 28.8-64 64v768c0 35.2 28.8 64 64 64h896c35.2 0 64-28.8 64-64v-768c0-35.2-28.8-64-64-64v0z",
          "M832 288c0 53.020-42.98 96-96 96s-96-42.98-96-96 42.98-96 96-96 96 42.98 96 96z",
          "M896 832h-768v-128l224-384 256 320h64l224-192z"
        ],
        "tags": [
          "image",
          "picture",
          "photo",
          "graphic"
        ],
        "defaultCode": 59661,
        "grid": 16,
        "attrs": []
      },
      "attrs": [],
      "properties": {
        "ligatures": "image, picture",
        "name": "image",
        "order": 19,
        "id": 14,
        "prevSize": 32,
        "code": 59661
      },
      "setIdx": 0,
      "setId": 1,
      "iconIdx": 13
    },
    {
      "icon": {
        "paths": [
          "M320 64h-256v256h256v-256zM384 0v0 384h-384v-384h384zM128 128h128v128h-128zM960 64h-256v256h256v-256zM1024 0v0 384h-384v-384h384zM768 128h128v128h-128zM320 704h-256v256h256v-256zM384 640v0 384h-384v-384h384zM128 768h128v128h-128zM448 0h64v64h-64zM512 64h64v64h-64zM448 128h64v64h-64zM512 192h64v64h-64zM448 256h64v64h-64zM512 320h64v64h-64zM448 384h64v64h-64zM448 512h64v64h-64zM512 576h64v64h-64zM448 640h64v64h-64zM512 704h64v64h-64zM448 768h64v64h-64zM512 832h64v64h-64zM448 896h64v64h-64zM512 960h64v64h-64zM960 512h64v64h-64zM64 512h64v64h-64zM128 448h64v64h-64zM0 448h64v64h-64zM256 448h64v64h-64zM320 512h64v64h-64zM384 448h64v64h-64zM576 512h64v64h-64zM640 448h64v64h-64zM704 512h64v64h-64zM768 448h64v64h-64zM832 512h64v64h-64zM896 448h64v64h-64zM960 640h64v64h-64zM576 640h64v64h-64zM640 576h64v64h-64zM704 640h64v64h-64zM832 640h64v64h-64zM896 576h64v64h-64zM960 768h64v64h-64zM576 768h64v64h-64zM640 704h64v64h-64zM768 704h64v64h-64zM832 768h64v64h-64zM896 704h64v64h-64zM960 896h64v64h-64zM640 832h64v64h-64zM704 896h64v64h-64zM768 832h64v64h-64zM832 896h64v64h-64zM640 960h64v64h-64zM768 960h64v64h-64zM896 960h64v64h-64z"
        ],
        "tags": [
          "qrcode"
        ],
        "defaultCode": 59704,
        "grid": 16,
        "attrs": []
      },
      "attrs": [],
      "properties": {
        "ligatures": "qrcode",
        "name": "qrcode",
        "order": 21,
        "id": 57,
        "prevSize": 32,
        "code": 59704
      },
      "setIdx": 0,
      "setId": 1,
      "iconIdx": 56
    },
    {
      "icon": {
        "paths": [
          "M384 928c0 53.019-42.981 96-96 96s-96-42.981-96-96c0-53.019 42.981-96 96-96s96 42.981 96 96z",
          "M1024 928c0 53.019-42.981 96-96 96s-96-42.981-96-96c0-53.019 42.981-96 96-96s96 42.981 96 96z",
          "M1024 512v-384h-768c0-35.346-28.654-64-64-64h-192v64h128l48.074 412.054c-29.294 23.458-48.074 59.5-48.074 99.946 0 70.696 57.308 128 128 128h768v-64h-768c-35.346 0-64-28.654-64-64 0-0.218 0.014-0.436 0.016-0.656l831.984-127.344z"
        ],
        "tags": [
          "cart",
          "purchase",
          "ecommerce",
          "shopping"
        ],
        "defaultCode": 59706,
        "grid": 16,
        "attrs": []
      },
      "attrs": [],
      "properties": {
        "ligatures": "cart, purchase",
        "name": "cart",
        "order": 9,
        "id": 59,
        "prevSize": 32,
        "code": 59706
      },
      "setIdx": 0,
      "setId": 1,
      "iconIdx": 58
    },
    {
      "icon": {
        "paths": [
          "M192 0v1024h768v-1024h-768zM576 256.33c70.51 0 127.67 57.16 127.67 127.67s-57.16 127.67-127.67 127.67-127.67-57.16-127.67-127.67 57.16-127.67 127.67-127.67v0zM768 768h-384v-64c0-70.696 57.306-128 128-128v0h128c70.696 0 128 57.304 128 128v64z",
          "M64 64h96v192h-96v-192z",
          "M64 320h96v192h-96v-192z",
          "M64 576h96v192h-96v-192z",
          "M64 832h96v192h-96v-192z"
        ],
        "tags": [
          "address-book",
          "contact",
          "book",
          "contacts"
        ],
        "defaultCode": 59716,
        "grid": 16,
        "attrs": []
      },
      "attrs": [],
      "properties": {
        "ligatures": "address-book, contact",
        "name": "address-book",
        "order": 10,
        "id": 69,
        "prevSize": 32,
        "code": 59716
      },
      "setIdx": 0,
      "setId": 1,
      "iconIdx": 68
    },
    {
      "icon": {
        "paths": [
          "M512 64c282.77 0 512 186.25 512 416 0 229.752-229.23 416-512 416-27.156 0-53.81-1.734-79.824-5.044-109.978 109.978-241.25 129.7-368.176 132.596v-26.916c68.536-33.578 128-94.74 128-164.636 0-9.754-0.758-19.33-2.164-28.696-115.796-76.264-189.836-192.754-189.836-323.304 0-229.75 229.23-416 512-416z"
        ],
        "tags": [
          "bubble",
          "comment",
          "chat",
          "talk"
        ],
        "defaultCode": 59755,
        "grid": 16,
        "attrs": []
      },
      "attrs": [],
      "properties": {
        "ligatures": "bubble, comment",
        "name": "bubble",
        "order": 17,
        "id": 108,
        "prevSize": 32,
        "code": 59755
      },
      "setIdx": 0,
      "setId": 1,
      "iconIdx": 106
    },
    {
      "icon": {
        "paths": [
          "M512 192c-54.932 0-107.988 8.662-157.694 25.742-46.712 16.054-88.306 38.744-123.628 67.444-66.214 53.798-102.678 122.984-102.678 194.814 0 40.298 11.188 79.378 33.252 116.152 22.752 37.92 56.982 72.586 98.988 100.252 30.356 19.992 50.78 51.948 56.176 87.894 1.8 11.984 2.928 24.088 3.37 36.124 7.47-6.194 14.75-12.846 21.88-19.976 24.154-24.152 56.78-37.49 90.502-37.49 5.368 0 10.762 0.336 16.156 1.024 20.974 2.666 42.398 4.020 63.676 4.020 54.934 0 107.988-8.66 157.694-25.742 46.712-16.054 88.306-38.744 123.628-67.444 66.214-53.796 102.678-122.984 102.678-194.814s-36.464-141.016-102.678-194.814c-35.322-28.698-76.916-51.39-123.628-67.444-49.706-17.080-102.76-25.742-157.694-25.742zM512 64v0c282.77 0 512 186.25 512 416 0 229.752-229.23 416-512 416-27.156 0-53.81-1.734-79.824-5.044-109.978 109.978-241.25 129.7-368.176 132.596v-26.916c68.536-33.578 128-94.74 128-164.636 0-9.754-0.758-19.33-2.164-28.696-115.796-76.264-189.836-192.754-189.836-323.304 0-229.75 229.23-416 512-416z"
        ],
        "tags": [
          "bubble",
          "comment",
          "chat",
          "talk"
        ],
        "defaultCode": 59758,
        "grid": 16,
        "attrs": []
      },
      "attrs": [],
      "properties": {
        "ligatures": "bubble2, comment2",
        "name": "bubble2",
        "order": 18,
        "id": 111,
        "prevSize": 32,
        "code": 59758
      },
      "setIdx": 0,
      "setId": 1,
      "iconIdx": 109
    },
    {
      "icon": {
        "paths": [
          "M992.262 871.396l-242.552-206.294c-25.074-22.566-51.89-32.926-73.552-31.926 57.256-67.068 91.842-154.078 91.842-249.176 0-212.078-171.922-384-384-384-212.076 0-384 171.922-384 384s171.922 384 384 384c95.098 0 182.108-34.586 249.176-91.844-1 21.662 9.36 48.478 31.926 73.552l206.294 242.552c35.322 39.246 93.022 42.554 128.22 7.356s31.892-92.898-7.354-128.22zM384 640c-141.384 0-256-114.616-256-256s114.616-256 256-256 256 114.616 256 256-114.614 256-256 256z"
        ],
        "tags": [
          "search",
          "magnifier",
          "magnifying-glass",
          "inspect",
          "find"
        ],
        "defaultCode": 59782,
        "grid": 16,
        "attrs": []
      },
      "attrs": [],
      "properties": {
        "ligatures": "search, magnifier",
        "name": "search",
        "order": 12,
        "id": 135,
        "prevSize": 32,
        "code": 59782
      },
      "setIdx": 0,
      "setId": 1,
      "iconIdx": 133
    },
    {
      "icon": {
        "paths": [
          "M768 639.968l-182.82-182.822 438.82-329.15-128.010-127.996-548.52 219.442-172.7-172.706c-49.78-49.778-119.302-61.706-154.502-26.508-35.198 35.198-23.268 104.726 26.51 154.5l172.686 172.684-219.464 548.582 127.99 128.006 329.19-438.868 182.826 182.828v255.98h127.994l63.992-191.988 191.988-63.996v-127.992l-255.98 0.004z"
        ],
        "tags": [
          "airplane",
          "travel",
          "flight",
          "plane",
          "transport",
          "fly",
          "vacation"
        ],
        "defaultCode": 59823,
        "grid": 16,
        "attrs": []
      },
      "attrs": [],
      "properties": {
        "ligatures": "airplane, travel",
        "name": "airplane",
        "order": 22,
        "id": 176,
        "prevSize": 32,
        "code": 59823
      },
      "setIdx": 0,
      "setId": 1,
      "iconIdx": 174
    },
    {
      "icon": {
        "paths": [
          "M416 96c0-53.018 42.98-96 96-96s96 42.982 96 96c0 53.020-42.98 96-96 96s-96-42.98-96-96z",
          "M640 320l329.596-142.172-23.77-59.424-401.826 137.596h-64l-401.826-137.596-23.77 59.424 329.596 142.172v256l-131.27 424.57 59.84 22.7 185.716-415.27h27.428l185.716 415.27 59.84-22.7-131.27-424.57z"
        ],
        "tags": [
          "accessibility"
        ],
        "defaultCode": 59826,
        "grid": 16,
        "attrs": []
      },
      "attrs": [],
      "properties": {
        "ligatures": "accessibility",
        "name": "accessibility",
        "order": 15,
        "id": 179,
        "prevSize": 32,
        "code": 59826
      },
      "setIdx": 0,
      "setId": 1,
      "iconIdx": 177
    },
    {
      "icon": {
        "paths": [
          "M576 96c0 53.019-42.981 96-96 96s-96-42.981-96-96c0-53.019 42.981-96 96-96s96 42.981 96 96z",
          "M719 512l49-35.5-133.286-206.116c-5.92-8.98-15.958-14.384-26.714-14.384h-256c-10.756 0-20.792 5.404-26.714 14.384l-133.286 206.116 49 35.5 110.644-143.596 38.458 89.74-134.102 245.856h122.666l21.334 320h64v-320h32v320h64l21.334-320h122.666l-134.104-245.858 38.458-89.74 110.646 143.598z"
        ],
        "tags": [
          "woman",
          "female",
          "gender",
          "sex"
        ],
        "defaultCode": 59869,
        "grid": 16,
        "attrs": []
      },
      "attrs": [],
      "properties": {
        "ligatures": "woman, female",
        "name": "woman",
        "order": 16,
        "id": 222,
        "prevSize": 32,
        "code": 59869
      },
      "setIdx": 0,
      "setId": 1,
      "iconIdx": 220
    },
    {
      "icon": {
        "paths": [
          "M430.2 898c-169.6 16.8-316-60-327-171.2-11-111.4 117.6-215 287-231.8 169.6-16.8 316 60 326.8 171.2 11.2 111.4-117.4 215.2-286.8 231.8zM769.2 528.6c-14.4-4.4-24.4-7.2-16.8-26.2 16.4-41.2 18-76.6 0.2-102-33.2-47.4-124.2-45-228.4-1.2 0 0-32.8 14.2-24.4-11.6 16-51.6 13.6-94.6-11.4-119.6-56.6-56.6-207 2.2-336 131.2-96.4 96.2-152.4 198.8-152.4 287.4 0 169.2 217.2 272.2 429.6 272.2 278.4 0 463.8-161.8 463.8-290.2 0-77.8-65.4-121.8-124.2-140z",
          "M954.2 218.6c-67.2-74.6-166.4-103-258-83.6v0c-21.2 4.6-34.6 25.4-30 46.4 4.6 21.2 25.2 34.6 46.4 30 65.2-13.8 135.6 6.4 183.4 59.4s60.8 125.2 40.2 188.4v0c-6.6 20.6 4.6 42.6 25.2 49.4 20.6 6.6 42.6-4.6 49.4-25.2v-0.2c28.8-88.4 10.6-190-56.6-264.6z",
          "M850.8 312c-32.8-36.4-81.2-50.2-125.6-40.6-18.2 3.8-29.8 22-26 40.2 4 18.2 22 29.8 40 25.8v0c21.8-4.6 45.4 2.2 61.4 19.8 16 17.8 20.4 42 13.4 63.2v0c-5.6 17.6 4 36.8 21.8 42.6 17.8 5.6 36.8-4 42.6-21.8 14-43.4 5.2-93-27.6-129.2z",
          "M439.6 696.6c-6 10.2-19 15-29.2 10.8-10.2-4-13.2-15.6-7.4-25.4 6-9.8 18.6-14.6 28.6-10.8 10 3.6 13.6 15 8 25.4zM385.4 765.8c-16.4 26.2-51.6 37.6-78 25.6-26-11.8-33.8-42.2-17.4-67.8 16.2-25.4 50.2-36.8 76.4-25.8 26.6 11.4 35.2 41.6 19 68zM447 580.6c-80.6-21-171.8 19.2-206.8 90.2-35.8 72.4-1.2 153 80.2 179.4 84.4 27.2 184-14.6 218.6-92.6 34.2-76.6-8.4-155.2-92-177z"
        ],
        "tags": [
          "sina-weibo",
          "brand",
          "social"
        ],
        "defaultCode": 60058,
        "grid": 16,
        "attrs": []
      },
      "attrs": [],
      "properties": {
        "name": "sina-weibo",
        "ligatures": "sina-weibo, brand20",
        "order": 11,
        "id": 411,
        "prevSize": 32,
        "code": 60058
      },
      "setIdx": 0,
      "setId": 1,
      "iconIdx": 409
    }
  ],
  "height": 1024,
  "metadata": {
    "name": "icomoon"
  },
  "preferences": {
    "showGlyphs": true,
    "showQuickUse": true,
    "showQuickUse2": true,
    "showSVGs": true,
    "fontPref": {
      "prefix": "icon-",
      "metadata": {
        "fontFamily": "icomoon"
      },
      "metrics": {
        "emSize": 1024,
        "baseline": 6.25,
        "whitespace": 50
      },
      "embed": false
    },
    "imagePref": {
      "prefix": "icon-",
      "png": true,
      "useClassSelector": true,
      "color": 0,
      "bgColor": 16777215,
      "classSelector": ".icon"
    },
    "historySize": 100,
    "showCodes": true,
    "gridSize": 16
  }
}